ESTACION,MES,HORA,VEL
Estacion1,1,0,2.6165900969882587
Estacion1,1,1,2.5905102040816357
Estacion1,1,2,2.5831483350151436
Estacion1,1,3,2.5837741607324567
Estacion1,1,4,2.654375970999486
Estacion1,1,5,2.7493222106360746
Estacion1,1,6,2.7320062047569835
Estacion1,1,7,2.30347648261759
Estacion1,1,8,2.7752786220871384
Estacion1,1,9,3.4465633074935407
Estacion1,1,10,4.046519779669499
Estacion1,1,11,4.5106467661691525
Estacion1,1,12,4.9797022332506184
Estacion1,1,13,5.147439085032321
Estacion1,1,14,5.4206075949367065
Estacion1,1,15,5.352879318978453
Estacion1,1,16,4.997019527235362
Estacion1,1,17,4.488159917990773
Estacion1,1,18,3.8849483521888817
Estacion1,1,19,3.2107924921793516
Estacion1,1,20,2.7487137383689095
Estacion1,1,21,2.6949291166848375
Estacion1,1,22,2.6536231884058004
Estacion1,1,23,2.6330535152151087
Estacion1,2,0,2.574805771365153
Estacion1,2,1,2.5045454545454566
Estacion1,2,2,2.4974986103390777
Estacion1,2,3,2.4961779806046813
Estacion1,2,4,2.5489921612541924
Estacion1,2,5,2.6496390893947837
Estacion1,2,6,2.633241150442478
Estacion1,2,7,2.254706533776304
Estacion1,2,8,2.787575590984063
Estacion1,2,9,3.547931219774315
Estacion1,2,10,4.031036353771022
Estacion1,2,11,4.4701531959852066
Estacion1,2,12,5.010462028677645
Estacion1,2,13,5.293969298245611
Estacion1,2,14,5.485165702261965
Estacion1,2,15,5.371420882669538
Estacion1,2,16,5.145517609391669
Estacion1,2,17,4.564693218514532
Estacion1,2,18,3.95008219178082
Estacion1,2,19,3.32684242061115
Estacion1,2,20,2.9316448152562593
Estacion1,2,21,2.7765830346475497
Estacion1,2,22,2.7224561403508827
Estacion1,2,23,2.669550369948777
Estacion1,3,0,2.587132169576062
Estacion1,3,1,2.385825621042379
Estacion1,3,2,2.3249627051218313
Estacion1,3,3,2.3290882061446987
Estacion1,3,4,2.4323616600790543
Estacion1,3,5,2.5784984678243155
Estacion1,3,6,2.490054972513748
Estacion1,3,7,2.367153652392945
Estacion1,3,8,2.9823357664233576
Estacion1,3,9,3.562380231971766
Estacion1,3,10,4.00969543147208
Estacion1,3,11,4.50005086469989
Estacion1,3,12,4.817039244908106
Estacion1,3,13,5.019542516161111
Estacion1,3,14,5.195137524557947
Estacion1,3,15,5.193719090009881
Estacion1,3,16,4.927978774722619
Estacion1,3,17,4.31550387596899
Estacion1,3,18,3.739333976833977
Estacion1,3,19,3.2646940822467414
Estacion1,3,20,3.026605033384692
Estacion1,3,21,2.975870772337202
Estacion1,3,22,2.817934508816122
Estacion1,3,23,2.6502579979360186
Estacion1,4,0,2.322923238696114
Estacion1,4,1,2.152838196286471
Estacion1,4,2,2.226596306068602
Estacion1,4,3,2.3854882705946556
Estacion1,4,4,2.3153311965811967
Estacion1,4,5,2.352737905369488
Estacion1,4,6,2.3677572559366733
Estacion1,4,7,2.4684517497348915
Estacion1,4,8,3.114105925537487
Estacion1,4,9,3.636631016042775
Estacion1,4,10,4.092833698030639
Estacion1,4,11,4.488811188811186
Estacion1,4,12,4.6520504731861205
Estacion1,4,13,4.584113624408208
Estacion1,4,14,4.558971668415537
Estacion1,4,15,4.685668958223163
Estacion1,4,16,4.499302200751474
Estacion1,4,17,4.000995285489789
Estacion1,4,18,3.5853519668737124
Estacion1,4,19,3.0674599068805017
Estacion1,4,20,2.6999999999999975
Estacion1,4,21,2.6022066738428435
Estacion1,4,22,2.5794392523364498
Estacion1,4,23,2.4116266666666633
Estacion1,5,0,2.5837956204379595
Estacion1,5,1,2.430223517978623
Estacion1,5,2,2.395669291338586
Estacion1,5,3,2.378669950738914
Estacion1,5,4,2.421025641025644
Estacion1,5,5,2.4830682401231456
Estacion1,5,6,2.4892221657346205
Estacion1,5,7,2.6910544727636148
Estacion1,5,8,3.457994041708043
Estacion1,5,9,4.050709219858154
Estacion1,5,10,4.3684738955823255
Estacion1,5,11,4.62798789712557
Estacion1,5,12,4.627816901408442
Estacion1,5,13,4.7221177634834115
Estacion1,5,14,4.726133469179822
Estacion1,5,15,4.571407185628743
Estacion1,5,16,4.299161322150968
Estacion1,5,17,3.897756097560966
Estacion1,5,18,3.5428290766208277
Estacion1,5,19,3.167454455933044
Estacion1,5,20,2.9943814687038026
Estacion1,5,21,2.780845892075838
Estacion1,5,22,2.7182743577314668
Estacion1,5,23,2.5983910287664544
Estacion1,6,0,2.8856856856856905
Estacion1,6,1,2.8206175298804776
Estacion1,6,2,2.8870983935743024
Estacion1,6,3,2.917608476286582
Estacion1,6,4,3.0144789579158293
Estacion1,6,5,3.0332983193277347
Estacion1,6,6,3.1033836543466964
Estacion1,6,7,3.3332504970178936
Estacion1,6,8,4.006676783004552
Estacion1,6,9,4.411345776031441
Estacion1,6,10,4.8696215139442165
Estacion1,6,11,5.101564027370471
Estacion1,6,12,5.298702594810376
Estacion1,6,13,5.207323232323239
Estacion1,6,14,5.0821322803553795
Estacion1,6,15,4.901712328767118
Estacion1,6,16,4.724900596421475
Estacion1,6,17,4.450073565473283
Estacion1,6,18,3.875944333996024
Estacion1,6,19,3.620632530120483
Estacion1,6,20,3.320966946225949
Estacion1,6,21,3.2103889709502664
Estacion1,6,22,3.113454011741681
Estacion1,6,23,2.978398418190804
Estacion1,7,0,2.8935669456066946
Estacion1,7,1,2.8735294117647063
Estacion1,7,2,2.8817414248021103
Estacion1,7,3,2.9571736785329055
Estacion1,7,4,3.0271038251366162
Estacion1,7,5,3.033677910772583
Estacion1,7,6,3.14109071274299
Estacion1,7,7,3.379221491228069
Estacion1,7,8,4.006552863436129
Estacion1,7,9,4.663465665236051
Estacion1,7,10,5.15583864118896
Estacion1,7,11,5.297934782608698
Estacion1,7,12,5.3318326271186525
Estacion1,7,13,5.26887486855941
Estacion1,7,14,5.2695811518324644
Estacion1,7,15,5.144955097728469
Estacion1,7,16,4.811047717842333
Estacion1,7,17,4.405319148936173
Estacion1,7,18,3.7831740976645425
Estacion1,7,19,3.394497354497359
Estacion1,7,20,3.189817232375978
Estacion1,7,21,3.0467708333333334
Estacion1,7,22,2.995937500000001
Estacion1,7,23,2.903506907545163
Estacion1,8,0,2.593868165559528
Estacion1,8,1,2.513151108818985
Estacion1,8,2,2.550461538461534
Estacion1,8,3,2.5292129162462205
Estacion1,8,4,2.548335015136226
Estacion1,8,5,2.5249621020717568
Estacion1,8,6,2.5883130081300822
Estacion1,8,7,2.9381305637982202
Estacion1,8,8,3.615757878939471
Estacion1,8,9,4.246993210475272
Estacion1,8,10,4.717675781249992
Estacion1,8,11,4.918496538081107
Estacion1,8,12,4.922676937891188
Estacion1,8,13,4.924783861671479
Estacion1,8,14,5.01119329388559
Estacion1,8,15,4.884403209628883
Estacion1,8,16,4.633036597428288
Estacion1,8,17,4.183382642998024
Estacion1,8,18,3.6772286821705467
Estacion1,8,19,3.2707341269841232
Estacion1,8,20,3.0103801169590603
Estacion1,8,21,2.9433816425120782
Estacion1,8,22,2.8000000000000016
Estacion1,8,23,2.6782980866062447
Estacion1,9,0,2.508767123287668
Estacion1,9,1,2.447688961392053
Estacion1,9,2,2.457265415549596
Estacion1,9,3,2.4353471118177006
Estacion1,9,4,2.499307036247339
Estacion1,9,5,2.5846910880262497
Estacion1,9,6,2.592783505154644
Estacion1,9,7,2.8911399243652114
Estacion1,9,8,3.617725752508358
Estacion1,9,9,4.109850581073599
Estacion1,9,10,4.421782178217818
Estacion1,9,11,4.687833333333329
Estacion1,9,12,4.794306246545055
Estacion1,9,13,4.897766884531595
Estacion1,9,14,4.869781420765022
Estacion1,9,15,4.742520547945197
Estacion1,9,16,4.540000000000007
Estacion1,9,17,4.1686559139784976
Estacion1,9,18,3.688996763754052
Estacion1,9,19,3.2646327683615874
Estacion1,9,20,3.1230167597765393
Estacion1,9,21,2.9026770775237023
Estacion1,9,22,2.8001112347052266
Estacion1,9,23,2.659491525423726
Estacion1,10,0,2.194944631680313
Estacion1,10,1,2.112852365026282
Estacion1,10,2,2.0077660594439144
Estacion1,10,3,2.023973256924547
Estacion1,10,4,2.101398938736133
Estacion1,10,5,2.187367405978787
Estacion1,10,6,2.122079772079776
Estacion1,10,7,2.2570405727923597
Estacion1,10,8,2.973621460506705
Estacion1,10,9,3.619167473378512
Estacion1,10,10,3.944745446053254
Estacion1,10,11,4.227952380952378
Estacion1,10,12,4.356371387967794
Estacion1,10,13,4.439961296565079
Estacion1,10,14,4.4747358309317935
Estacion1,10,15,4.448981525343434
Estacion1,10,16,4.084575714955465
Estacion1,10,17,3.6204802259887052
Estacion1,10,18,3.1242194891201542
Estacion1,10,19,2.761174713787955
Estacion1,10,20,2.5696813977389508
Estacion1,10,21,2.504628687690748
Estacion1,10,22,2.438346228239851
Estacion1,10,23,2.2644572526416944
Estacion1,11,0,1.968536585365858
Estacion1,11,1,1.8659090909090916
Estacion1,11,2,1.9259315206445098
Estacion1,11,3,2.0462834489593673
Estacion1,11,4,2.0667168674698835
Estacion1,11,5,2.1008154943934776
Estacion1,11,6,1.9629064039408894
Estacion1,11,7,1.976500769625449
Estacion1,11,8,2.670239282153532
Estacion1,11,9,3.2627965673902106
Estacion1,11,10,3.5638974358974354
Estacion1,11,11,3.889486552567246
Estacion1,11,12,4.176015857284438
Estacion1,11,13,4.317884990253409
Estacion1,11,14,4.386793372319692
Estacion1,11,15,4.227424749163872
Estacion1,11,16,3.8973506743737945
Estacion1,11,17,3.358012980529208
Estacion1,11,18,2.9732910156250005
Estacion1,11,19,2.490781250000002
Estacion1,11,20,2.1985436893203896
Estacion1,11,21,2.2071392659627955
Estacion1,11,22,2.095450097847358
Estacion1,11,23,2.0223046488625145
Estacion1,12,0,2.5150914634146337
Estacion1,12,1,2.4406120331950194
Estacion1,12,2,2.390764494612624
Estacion1,12,3,2.4264979338842965
Estacion1,12,4,2.5466666666666717
Estacion1,12,5,2.5783472803347256
Estacion1,12,6,2.4933367503844197
Estacion1,12,7,2.3535154274152736
Estacion1,12,8,3.0407312049433566
Estacion1,12,9,3.8346233230134184
Estacion1,12,10,4.376739356178616
Estacion1,12,11,4.8110497237569
Estacion1,12,12,5.088742393509117
Estacion1,12,13,5.251987609705731
Estacion1,12,14,5.380132113821133
Estacion1,12,15,5.360270410816437
Estacion1,12,16,5.01748971193416
Estacion1,12,17,4.481479591836727
Estacion1,12,18,3.7168595873175554
Estacion1,12,19,2.964884696016771
Estacion1,12,20,2.7335966298051626
Estacion1,12,21,2.644178628389159
Estacion1,12,22,2.6360351058337645
Estacion1,12,23,2.573006134969327
Estacion2,,,
Estacion2,1,0,0.7500000000000007
Estacion2,1,1,0.7317204301075269
Estacion2,1,2,0.7317204301075265
Estacion2,1,3,0.6989247311827957
Estacion2,1,4,0.7817204301075268
Estacion2,1,5,0.7698924731182797
Estacion2,1,6,0.6811827956989244
Estacion2,1,7,0.5967741935483871
Estacion2,1,8,0.7473118279569892
Estacion2,1,9,1.2086021505376345
Estacion2,1,10,1.6327956989247312
Estacion2,1,11,1.9322580645161287
Estacion2,1,12,2.242473118279569
Estacion2,1,13,2.4274193548387104
Estacion2,1,14,2.4166666666666665
Estacion2,1,15,2.315053763440861
Estacion2,1,16,2.3930107526881708
Estacion2,1,17,1.9048387096774213
Estacion2,1,18,1.1881720430107532
Estacion2,1,19,0.9403225806451604
Estacion2,1,20,0.8956989247311825
Estacion2,1,21,0.8370967741935482
Estacion2,1,22,0.7688172043010753
Estacion2,1,23,0.7526881720430111
Estacion2,2,0,0.7958333333333331
Estacion2,2,1,0.801190476190476
Estacion2,2,2,0.7869047619047622
Estacion2,2,3,0.7684523809523808
Estacion2,2,4,0.8172619047619052
Estacion2,2,5,0.7964285714285717
Estacion2,2,6,0.7202380952380951
Estacion2,2,7,0.6101190476190472
Estacion2,2,8,0.7363095238095237
Estacion2,2,9,1.092857142857143
Estacion2,2,10,1.3315476190476194
Estacion2,2,11,1.6131736526946097
Estacion2,2,12,1.9777777777777772
Estacion2,2,13,2.2646341463414643
Estacion2,2,14,2.277380952380953
Estacion2,2,15,2.2398809523809513
Estacion2,2,16,2.2184523809523813
Estacion2,2,17,1.9017857142857149
Estacion2,2,18,1.278571428571429
Estacion2,2,19,0.9916666666666668
Estacion2,2,20,0.9988095238095231
Estacion2,2,21,0.9624999999999996
Estacion2,2,22,0.9202380952380951
Estacion2,2,23,0.7940476190476194
Estacion2,3,0,0.6702898550724633
Estacion2,3,1,0.6496453900709216
Estacion2,3,2,0.6379432624113482
Estacion2,3,3,0.6219858156028372
Estacion2,3,4,0.6282608695652178
Estacion2,3,5,0.6666666666666673
Estacion2,3,6,0.6230496453900716
Estacion2,3,7,0.5826086956521742
Estacion2,3,8,0.8699275362318845
Estacion2,3,9,1.161111111111111
Estacion2,3,10,1.3813953488372102
Estacion2,3,11,1.728260869565218
Estacion2,3,12,2.183333333333334
Estacion2,3,13,2.464492753623187
Estacion2,3,14,2.3710144927536243
Estacion2,3,15,2.327636363636363
Estacion2,3,16,2.1265454545454543
Estacion2,3,17,1.8156028368794315
Estacion2,3,18,1.2539855072463766
Estacion2,3,19,0.9634057971014494
Estacion2,3,20,0.8268115942028982
Estacion2,3,21,0.7851301115241633
Estacion2,3,22,0.7278985507246376
Estacion2,3,23,0.6978260869565216
Estacion2,4,0,0.655718475073314
Estacion2,4,1,0.6581818181818178
Estacion2,4,2,0.6620370370370371
Estacion2,4,3,0.6505952380952387
Estacion2,4,4,0.6428571428571427
Estacion2,4,5,0.6222222222222227
Estacion2,4,6,0.5692982456140352
Estacion2,4,7,0.569345238095238
Estacion2,4,8,0.816666666666667
Estacion2,4,9,1.1437853107344633
Estacion2,4,10,1.435593220338983
Estacion2,4,11,1.6254385964912277
Estacion2,4,12,1.7706744868035202
Estacion2,4,13,1.844545454545453
Estacion2,4,14,1.766369047619048
Estacion2,4,15,1.785493827160492
Estacion2,4,16,1.5991202346041054
Estacion2,4,17,1.3595238095238091
Estacion2,4,18,1.076149425287357
Estacion2,4,19,0.9267241379310351
Estacion2,4,20,0.8752873563218395
Estacion2,4,21,0.8229166666666669
Estacion2,4,22,0.7269696969696973
Estacion2,4,23,0.7038011695906432
Estacion2,5,0,0.6634743875278395
Estacion2,5,1,0.6484018264840179
Estacion2,5,2,0.64233409610984
Estacion2,5,3,0.6212328767123293
Estacion2,5,4,0.6501160092807429
Estacion2,5,5,0.6596658711217186
Estacion2,5,6,0.5986111111111114
Estacion2,5,7,0.6585882352941175
Estacion2,5,8,0.9478571428571427
Estacion2,5,9,1.2649411764705882
Estacion2,5,10,1.5412037037037039
Estacion2,5,11,1.6347619047619062
Estacion2,5,12,1.6219047619047622
Estacion2,5,13,1.744444444444445
Estacion2,5,14,1.6874141876430198
Estacion2,5,15,1.545794392523365
Estacion2,5,16,1.4536529680365284
Estacion2,5,17,1.167294117647059
Estacion2,5,18,0.9565315315315328
Estacion2,5,19,0.8365296803652982
Estacion2,5,20,0.7954954954954954
Estacion2,5,21,0.7453333333333336
Estacion2,5,22,0.6772727272727278
Estacion2,5,23,0.6584269662921348
Estacion2,6,0,0.6446575342465752
Estacion2,6,1,0.6523415977961434
Estacion2,6,2,0.6628415300546449
Estacion2,6,3,0.623055555555556
Estacion2,6,4,0.6290322580645162
Estacion2,6,5,0.6065573770491807
Estacion2,6,6,0.5948924731182794
Estacion2,6,7,0.6367567567567576
Estacion2,6,8,0.8454301075268822
Estacion2,6,9,1.234166666666667
Estacion2,6,10,1.4049999999999991
Estacion2,6,11,1.594084507042253
Estacion2,6,12,1.705277777777777
Estacion2,6,13,1.8106628242074934
Estacion2,6,14,1.8092219020172906
Estacion2,6,15,1.5867052023121393
Estacion2,6,16,1.4002923976608181
Estacion2,6,17,1.1316666666666666
Estacion2,6,18,0.9423497267759567
Estacion2,6,19,0.8038461538461542
Estacion2,6,20,0.769672131147541
Estacion2,6,21,0.731073446327684
Estacion2,6,22,0.7279661016949155
Estacion2,6,23,0.6810584958217267
Estacion2,7,0,0.6265625
Estacion2,7,1,0.6140624999999995
Estacion2,7,2,0.6150537634408602
Estacion2,7,3,0.6609375000000002
Estacion2,7,4,0.5734375000000002
Estacion2,7,5,0.6244791666666668
Estacion2,7,6,0.5865591397849466
Estacion2,7,7,0.6966666666666671
Estacion2,7,8,0.9844086021505376
Estacion2,7,9,1.2994791666666672
Estacion2,7,10,1.6078125000000008
Estacion2,7,11,1.6903225806451603
Estacion2,7,12,1.7070707070707067
Estacion2,7,13,1.8286458333333335
Estacion2,7,14,1.7934343434343447
Estacion2,7,15,1.5302083333333332
Estacion2,7,16,1.3837696335078529
Estacion2,7,17,1.2135416666666667
Estacion2,7,18,0.9203045685279186
Estacion2,7,19,0.8068627450980393
Estacion2,7,20,0.7885416666666668
Estacion2,7,21,0.7182291666666666
Estacion2,7,22,0.6803030303030306
Estacion2,7,23,0.6697916666666669
Estacion2,8,0,0.6938547486033517
Estacion2,8,1,0.6921100917431194
Estacion2,8,2,0.6958801498127343
Estacion2,8,3,0.6956043956043949
Estacion2,8,4,0.7023809523809522
Estacion2,8,5,0.6999999999999998
Estacion2,8,6,0.6686813186813182
Estacion2,8,7,0.6746296296296296
Estacion2,8,8,0.8926829268292688
Estacion2,8,9,1.2043956043956037
Estacion2,8,10,1.5463369963369966
Estacion2,8,11,1.777962962962961
Estacion2,8,12,1.7778388278388269
Estacion2,8,13,1.951449275362316
Estacion2,8,14,1.9387640449438193
Estacion2,8,15,1.7697463768115946
Estacion2,8,16,1.5339517625231913
Estacion2,8,17,1.2466666666666673
Estacion2,8,18,0.9472222222222223
Estacion2,8,19,0.9159709618874776
Estacion2,8,20,0.8668498168498178
Estacion2,8,21,0.8344954128440369
Estacion2,8,22,0.794746376811594
Estacion2,8,23,0.7588768115942027
Estacion2,9,0,0.7614879649890591
Estacion2,9,1,0.7337662337662343
Estacion2,9,2,0.7356837606837606
Estacion2,9,3,0.7188034188034192
Estacion2,9,4,0.7284444444444449
Estacion2,9,5,0.7155251141552512
Estacion2,9,6,0.6669014084507049
Estacion2,9,7,0.6006756756756763
Estacion2,9,8,0.790786516853932
Estacion2,9,9,1.0966216216216218
Estacion2,9,10,1.4781385281385289
Estacion2,9,11,1.6920000000000015
Estacion2,9,12,1.7918859649122805
Estacion2,9,13,1.7536036036036051
Estacion2,9,14,1.6251141552511414
Estacion2,9,15,1.594956140350876
Estacion2,9,16,1.431278538812785
Estacion2,9,17,1.1659999999999993
Estacion2,9,18,1.018018018018018
Estacion2,9,19,0.9745370370370365
Estacion2,9,20,0.9322072072072078
Estacion2,9,21,0.8810502283105027
Estacion2,9,22,0.8209459459459459
Estacion2,9,23,0.8060000000000005
Estacion2,10,0,0.7954430379746841
Estacion2,10,1,0.7644278606965169
Estacion2,10,2,0.7475578406169667
Estacion2,10,3,0.7623737373737381
Estacion2,10,4,0.7585858585858579
Estacion2,10,5,0.7553030303030299
Estacion2,10,6,0.6626262626262625
Estacion2,10,7,0.5840796019900498
Estacion2,10,8,0.777696078431372
Estacion2,10,9,1.1539800995024871
Estacion2,10,10,1.6691176470588243
Estacion2,10,11,1.8048717948717936
Estacion2,10,12,1.846323529411766
Estacion2,10,13,1.9840796019900482
Estacion2,10,14,2.01078431372549
Estacion2,10,15,1.8433823529411775
Estacion2,10,16,1.5840294840294833
Estacion2,10,17,1.1884803921568632
Estacion2,10,18,1.032843137254903
Estacion2,10,19,0.9135897435897434
Estacion2,10,20,0.9338541666666665
Estacion2,10,21,0.8428205128205125
Estacion2,10,22,0.8282828282828286
Estacion2,10,23,0.7916666666666665
Estacion2,11,0,0.7175287356321837
Estacion2,11,1,0.7068965517241378
Estacion2,11,2,0.7646551724137935
Estacion2,11,3,0.7864942528735633
Estacion2,11,4,0.7824712643678163
Estacion2,11,5,0.8097701149425286
Estacion2,11,6,0.6847701149425289
Estacion2,11,7,0.6148809523809532
Estacion2,11,8,0.8839080459770116
Estacion2,11,9,1.2471264367816088
Estacion2,11,10,1.4956896551724135
Estacion2,11,11,1.8673590504451034
Estacion2,11,12,2.1301169590643267
Estacion2,11,13,2.1403508771929842
Estacion2,11,14,2.064619883040936
Estacion2,11,15,1.9163742690058483
Estacion2,11,16,1.7485380116959068
Estacion2,11,17,1.247214076246335
Estacion2,11,18,0.942397660818713
Estacion2,11,19,0.798830409356725
Estacion2,11,20,0.7997023809523811
Estacion2,11,21,0.811607142857143
Estacion2,11,22,0.7736842105263156
Estacion2,11,23,0.7245614035087724
Estacion2,12,0,0.8069892473118281
Estacion2,12,1,0.7586021505376346
Estacion2,12,2,0.7338709677419353
Estacion2,12,3,0.7516129032258058
Estacion2,12,4,0.7502702702702704
Estacion2,12,5,0.7333333333333335
Estacion2,12,6,0.6843243243243242
Estacion2,12,7,0.5967741935483873
Estacion2,12,8,0.7043010752688172
Estacion2,12,9,1.1198924731182796
Estacion2,12,10,1.6209677419354835
Estacion2,12,11,1.8306451612903232
Estacion2,12,12,2.0354838709677425
Estacion2,12,13,2.2946236559139797
Estacion2,12,14,2.356989247311827
Estacion2,12,15,2.216666666666667
Estacion2,12,16,2.1139784946236566
Estacion2,12,17,1.6440860215053767
Estacion2,12,18,1.2064516129032268
Estacion2,12,19,0.9860215053763438
Estacion2,12,20,0.8973118279569896
Estacion2,12,21,0.9220430107526879
Estacion2,12,22,0.8188172043010752
Estacion2,12,23,0.7758064516129032
Estacion3,1,0,0.7207106598984772
Estacion3,1,1,0.7122509960159349
Estacion3,1,2,0.7237713139418256
Estacion3,1,3,0.7093360995850615
Estacion3,1,4,0.7056918547595691
Estacion3,1,5,0.7207253886010356
Estacion3,1,6,0.7041666666666659
Estacion3,1,7,0.7559255631733595
Estacion3,1,8,1.0239089184060732
Estacion3,1,9,1.3949950932286546
Estacion3,1,10,1.7145307769929368
Estacion3,1,11,2.093176972281451
Estacion3,1,12,2.558113590263693
Estacion3,1,13,2.8699790794979045
Estacion3,1,14,3.018458417849892
Estacion3,1,15,2.8576771653543305
Estacion3,1,16,2.566830225711484
Estacion3,1,17,1.9987328405491016
Estacion3,1,18,1.5829417773237995
Estacion3,1,19,1.2203174603174594
Estacion3,1,20,1.122389666307859
Estacion3,1,21,0.9984059511158322
Estacion3,1,22,0.8261758691206526
Estacion3,1,23,0.7802588996763752
Estacion3,2,0,0.7445019404915908
Estacion3,2,1,0.7336814621409931
Estacion3,2,2,0.7598971722365039
Estacion3,2,3,0.7693611473272488
Estacion3,2,4,0.7432291666666665
Estacion3,2,5,0.7311308767471408
Estacion3,2,6,0.7193971166448235
Estacion3,2,7,0.7596153846153841
Estacion3,2,8,1.0433889602053925
Estacion3,2,9,1.450970245795601
Estacion3,2,10,1.801468624833111
Estacion3,2,11,2.178244274809161
Estacion3,2,12,2.6556410256410232
Estacion3,2,13,3.0001324503311255
Estacion3,2,14,2.961328125000003
Estacion3,2,15,2.7572916666666685
Estacion3,2,16,2.4222946544980477
Estacion3,2,17,2.0911504424778764
Estacion3,2,18,1.5440764331210184
Estacion3,2,19,1.1740896358543422
Estacion3,2,20,1.1020689655172415
Estacion3,2,21,0.8991825613079024
Estacion3,2,22,0.8883495145631076
Estacion3,2,23,0.7856767411300929
Estacion3,3,0,0.8390243902439024
Estacion3,3,1,0.799904580152672
Estacion3,3,2,0.8117302052785926
Estacion3,3,3,0.7838867187500005
Estacion3,3,4,0.7680501930501931
Estacion3,3,5,0.7835091083413227
Estacion3,3,6,0.774568138195777
Estacion3,3,7,0.7883168316831667
Estacion3,3,8,1.0123919308357352
Estacion3,3,9,1.4253189401373894
Estacion3,3,10,1.7189587426326105
Estacion3,3,11,2.2060576923076956
Estacion3,3,12,2.5737688442211093
Estacion3,3,13,2.755933852140079
Estacion3,3,14,2.787549407114626
Estacion3,3,15,2.597884615384619
Estacion3,3,16,2.378606965174133
Estacion3,3,17,2.062763915547026
Estacion3,3,18,1.6101058710298364
Estacion3,3,19,1.2619433198380532
Estacion3,3,20,1.1540512820512825
Estacion3,3,21,0.9857723577235763
Estacion3,3,22,0.9484135107471843
Estacion3,3,23,0.9218309859154922
Estacion3,4,0,0.8538608198284071
Estacion3,4,1,0.8370829361296461
Estacion3,4,2,0.8014634146341462
Estacion3,4,3,0.7690019193857971
Estacion3,4,4,0.7308582449373184
Estacion3,4,5,0.7239693192713328
Estacion3,4,6,0.715492957746477
Estacion3,4,7,0.7656249999999999
Estacion3,4,8,0.9446327683615797
Estacion3,4,9,1.2745265151515148
Estacion3,4,10,1.6256038647342992
Estacion3,4,11,1.9702989392478312
Estacion3,4,12,2.229484732824429
Estacion3,4,13,2.379327398615232
Estacion3,4,14,2.3611273080660884
Estacion3,4,15,2.279631425800195
Estacion3,4,16,2.047413793103449
Estacion3,4,17,1.652540747842759
Estacion3,4,18,1.455842911877393
Estacion3,4,19,1.2864995178399223
Estacion3,4,20,1.179768786127168
Estacion3,4,21,0.99921951219512
Estacion3,4,22,0.9561352657004838
Estacion3,4,23,0.873883495145632
Estacion3,5,0,0.8244102564102567
Estacion3,5,1,0.8120040691759921
Estacion3,5,2,0.7970677451971686
Estacion3,5,3,0.7755849440488288
Estacion3,5,4,0.7528985507246376
Estacion3,5,5,0.7040126715945082
Estacion3,5,6,0.7211252653927807
Estacion3,5,7,0.7505091649694492
Estacion3,5,8,0.9382502543234991
Estacion3,5,9,1.2231491136600614
Estacion3,5,10,1.681103166496426
Estacion3,5,11,1.932069672131149
Estacion3,5,12,2.150816326530611
Estacion3,5,13,2.235602094240836
Estacion3,5,14,2.2570981210855967
Estacion3,5,15,2.125257731958762
Estacion3,5,16,1.9530010172939973
Estacion3,5,17,1.706673407482305
Estacion3,5,18,1.391212121212123
Estacion3,5,19,1.3568065506653026
Estacion3,5,20,1.1590163934426232
Estacion3,5,21,1.0420570264765785
Estacion3,5,22,0.9627572016460904
Estacion3,5,23,0.8874233128834348
Estacion3,6,0,0.8667338709677408
Estacion3,6,1,0.830464216634429
Estacion3,6,2,0.8118577075098806
Estacion3,6,3,0.8363372093023246
Estacion3,6,4,0.8277227722772276
Estacion3,6,5,0.8038922155688606
Estacion3,6,6,0.7411233701103296
Estacion3,6,7,0.8152195121951208
Estacion3,6,8,0.9467695274831247
Estacion3,6,9,1.1963566634707579
Estacion3,6,10,1.5439306358381502
Estacion3,6,11,1.8079522862823059
Estacion3,6,12,1.9493027888446204
Estacion3,6,13,2.061461461461461
Estacion3,6,14,1.9942403177755692
Estacion3,6,15,1.8753195673549676
Estacion3,6,16,1.791525423728813
Estacion3,6,17,1.5396841066140186
Estacion3,6,18,1.371525753158406
Estacion3,6,19,1.181212723658049
Estacion3,6,20,1.047219512195123
Estacion3,6,21,0.9544327931363202
Estacion3,6,22,0.8823053589484311
Estacion3,6,23,0.8810463968410649
Estacion3,7,0,0.8292682926829259
Estacion3,7,1,0.8458376156217879
Estacion3,7,2,0.8369721936148299
Estacion3,7,3,0.8363354037267053
Estacion3,7,4,0.7938477580813347
Estacion3,7,5,0.8221030042918459
Estacion3,7,6,0.8292864749733749
Estacion3,7,7,0.7850159404888405
Estacion3,7,8,0.9274611398963724
Estacion3,7,9,1.18735632183908
Estacion3,7,10,1.501147028154327
Estacion3,7,11,1.8053435114503786
Estacion3,7,12,1.9776709401709416
Estacion3,7,13,1.9742489270386283
Estacion3,7,14,1.9965517241379285
Estacion3,7,15,1.8057259713701423
Estacion3,7,16,1.5857429718875509
Estacion3,7,17,1.3817012858555888
Estacion3,7,18,1.2602865916069599
Estacion3,7,19,1.1293139293139278
Estacion3,7,20,1.0601449275362327
Estacion3,7,21,0.9626384692849952
Estacion3,7,22,0.9167012448132782
Estacion3,7,23,0.8395445134575559
Estacion3,8,0,0.7928571428571434
Estacion3,8,1,0.7952928870292886
Estacion3,8,2,0.7647549530761223
Estacion3,8,3,0.7774364406779668
Estacion3,8,4,0.7521008403361347
Estacion3,8,5,0.7796074154852773
Estacion3,8,6,0.7807112068965519
Estacion3,8,7,0.7752653927813179
Estacion3,8,8,0.9272921108741998
Estacion3,8,9,1.1496760259179284
Estacion3,8,10,1.5230769230769232
Estacion3,8,11,1.6573221757322156
Estacion3,8,12,1.9222792607802857
Estacion3,8,13,2.0484567901234545
Estacion3,8,14,1.9740061162079516
Estacion3,8,15,1.884095634095634
Estacion3,8,16,1.7143308746048471
Estacion3,8,17,1.438883034773444
Estacion3,8,18,1.2326018808777444
Estacion3,8,19,1.1849300322927876
Estacion3,8,20,0.9920969441517394
Estacion3,8,21,0.9563917525773202
Estacion3,8,22,0.9033057851239665
Estacion3,8,23,0.8727948990435709
Estacion3,9,0,0.8389873417721523
Estacion3,9,1,0.811586901763224
Estacion3,9,2,0.7896419437340165
Estacion3,9,3,0.8026819923371644
Estacion3,9,4,0.7309644670050763
Estacion3,9,5,0.7564705882352939
Estacion3,9,6,0.7001315789473684
Estacion3,9,7,0.7765319426336371
Estacion3,9,8,0.9566750629722922
Estacion3,9,9,1.1994743758212858
Estacion3,9,10,1.5543147208121804
Estacion3,9,11,1.815323645970937
Estacion3,9,12,2.101799485861183
Estacion3,9,13,2.280426599749061
Estacion3,9,14,2.1599999999999984
Estacion3,9,15,2.1078406169665813
Estacion3,9,16,1.762451108213822
Estacion3,9,17,1.471338383838384
Estacion3,9,18,1.2700865265760202
Estacion3,9,19,1.17388535031847
Estacion3,9,20,0.9955585464333778
Estacion3,9,21,0.9926023778071343
Estacion3,9,22,0.9031209362808849
Estacion3,9,23,0.8447196870925686
Estacion3,10,0,0.8237752161383279
Estacion3,10,1,0.7826647564469913
Estacion3,10,2,0.7962318840579716
Estacion3,10,3,0.7663817663817664
Estacion3,10,4,0.7759312320916912
Estacion3,10,5,0.7426111908177896
Estacion3,10,6,0.7097457627118646
Estacion3,10,7,0.7625356125356128
Estacion3,10,8,0.9944915254237283
Estacion3,10,9,1.2853494623655917
Estacion3,10,10,1.7009485094850962
Estacion3,10,11,2.0225490196078413
Estacion3,10,12,2.2093663911845707
Estacion3,10,13,2.403375527426162
Estacion3,10,14,2.3758041958041933
Estacion3,10,15,2.2365277777777774
Estacion3,10,16,1.983057851239671
Estacion3,10,17,1.5253443526170793
Estacion3,10,18,1.3068150208623093
Estacion3,10,19,1.1640350877192989
Estacion3,10,20,1.024324324324325
Estacion3,10,21,0.963543191800879
Estacion3,10,22,0.9008645533141224
Estacion3,10,23,0.842459736456809
Estacion3,11,0,0.8186956521739135
Estacion3,11,1,0.7871016691957505
Estacion3,11,2,0.7678466076696165
Estacion3,11,3,0.7315789473684216
Estacion3,11,4,0.7152394775036283
Estacion3,11,5,0.7077485380116966
Estacion3,11,6,0.7256186317321703
Estacion3,11,7,0.856451612903226
Estacion3,11,8,1.0427113702623905
Estacion3,11,9,1.355982274741505
Estacion3,11,10,1.6918367346938765
Estacion3,11,11,2.172047832585948
Estacion3,11,12,2.4422619047619056
Estacion3,11,13,2.504572271386428
Estacion3,11,14,2.5495535714285706
Estacion3,11,15,2.245757575757572
Estacion3,11,16,2.015643274853799
Estacion3,11,17,1.6212643678160927
Estacion3,11,18,1.3593220338983047
Estacion3,11,19,1.2028273809523797
Estacion3,11,20,1.0707575757575758
Estacion3,11,21,1.0027272727272716
Estacion3,11,22,0.8611030478955002
Estacion3,11,23,0.8250359712230207
Estacion3,12,0,0.7464190981432358
Estacion3,12,1,0.7439688715953311
Estacion3,12,2,0.715858453473133
Estacion3,12,3,0.7243101182654406
Estacion3,12,4,0.7135240572171647
Estacion3,12,5,0.7012853470437026
Estacion3,12,6,0.6678160919540234
Estacion3,12,7,0.7789133247089253
Estacion3,12,8,1.0165775401069503
Estacion3,12,9,1.408423913043479
Estacion3,12,10,1.7167346938775503
Estacion3,12,11,2.152785145888594
Estacion3,12,12,2.5163001293661034
Estacion3,12,13,2.6479578392621885
Estacion3,12,14,2.7516666666666665
Estacion3,12,15,2.4981258366800527
Estacion3,12,16,2.25051413881748
Estacion3,12,17,1.8449275362318813
Estacion3,12,18,1.4042780748663102
Estacion3,12,19,1.2190600522193205
Estacion3,12,20,1.0718050065876175
Estacion3,12,21,0.9197350993377474
Estacion3,12,22,0.8454794520547947
Estacion3,12,23,0.7404825737265415
Estacion4,1,0,3.2433392539964503
Estacion4,1,1,3.2940754039497295
Estacion4,1,2,3.4095296273671276
Estacion4,1,3,3.4528510116492894
Estacion4,1,4,3.779866585809577
Estacion4,1,5,4.068924798011182
Estacion4,1,6,4.276918392204624
Estacion4,1,7,4.452336448598133
Estacion4,1,8,4.0358662613981755
Estacion4,1,9,3.77645278450363
Estacion4,1,10,3.4014084507042215
Estacion4,1,11,3.261771700356716
Estacion4,1,12,3.2083983203359376
Estacion4,1,13,3.2283018867924502
Estacion4,1,14,3.1770286396181406
Estacion4,1,15,2.9689296636085682
Estacion4,1,16,2.7658844765342954
Estacion4,1,17,2.49369314736204
Estacion4,1,18,2.436433649289099
Estacion4,1,19,2.5041431261770235
Estacion4,1,20,2.6957594936708866
Estacion4,1,21,2.9236057068741923
Estacion4,1,22,3.073444239063467
Estacion4,1,23,3.198838630806847
Estacion4,2,0,3.3706500328299414
Estacion4,2,1,3.59027498323273
Estacion4,2,2,3.5022606382978747
Estacion4,2,3,3.6500000000000017
Estacion4,2,4,3.7465659340659383
Estacion4,2,5,4.020443520443522
Estacion4,2,6,4.133174061433457
Estacion4,2,7,4.239930069930071
Estacion4,2,8,4.1907263294422865
Estacion4,2,9,3.799999999999998
Estacion4,2,10,3.510543130990422
Estacion4,2,11,3.397920858484242
Estacion4,2,12,3.3528191834089434
Estacion4,2,13,3.396298788694481
Estacion4,2,14,3.3159309021113246
Estacion4,2,15,3.188584474885847
Estacion4,2,16,3.043517915309452
Estacion4,2,17,2.8368836291913238
Estacion4,2,18,2.577887139107613
Estacion4,2,19,2.6420798898071625
Estacion4,2,20,2.567179846046191
Estacion4,2,21,2.910793871866297
Estacion4,2,22,2.9261758691206587
Estacion4,2,23,3.180917060013486
Estacion4,3,0,2.6924277456647383
Estacion4,3,1,2.5844586728754373
Estacion4,3,2,2.737719298245613
Estacion4,3,3,3.0883254716981057
Estacion4,3,4,3.239034322280402
Estacion4,3,5,3.472700471698108
Estacion4,3,6,3.5897836538461547
Estacion4,3,7,3.6870538415002985
Estacion4,3,8,3.359579439252342
Estacion4,3,9,3.2286390532544376
Estacion4,3,10,3.0245950809838082
Estacion4,3,11,3.048783382789312
Estacion4,3,12,3.0196987951807217
Estacion4,3,13,2.9496987951807214
Estacion4,3,14,2.918995098039218
Estacion4,3,15,2.7679950950337275
Estacion4,3,16,2.5661473936488957
Estacion4,3,17,2.3155434122647276
Estacion4,3,18,2.1667684789248622
Estacion4,3,19,2.1388182973316407
Estacion4,3,20,2.1440179142674354
Estacion4,3,21,2.4362703681351876
Estacion4,3,22,2.6220701963117214
Estacion4,3,23,2.6051601423487574
Estacion4,4,0,2.553974895397491
Estacion4,4,1,2.6603508771929825
Estacion4,4,2,2.576912080057185
Estacion4,4,3,2.7465753424657535
Estacion4,4,4,3.0312861271676295
Estacion4,4,5,3.001730353280458
Estacion4,4,6,3.010042735042736
Estacion4,4,7,3.207218683651808
Estacion4,4,8,3.03920736022647
Estacion4,4,9,2.9464111498257854
Estacion4,4,10,2.9263464337700147
Estacion4,4,11,2.7327574291637835
Estacion4,4,12,2.655323741007195
Estacion4,4,13,2.6685010861694405
Estacion4,4,14,2.5468335787923424
Estacion4,4,15,2.4217238962859176
Estacion4,4,16,2.3355067328136077
Estacion4,4,17,2.1536812008577564
Estacion4,4,18,2.0117388114453414
Estacion4,4,19,2.184025787965621
Estacion4,4,20,2.4055350553505557
Estacion4,4,21,2.546074834922963
Estacion4,4,22,2.574018558172734
Estacion4,4,23,2.456478167501794
Estacion4,5,0,3.5464506172839503
Estacion4,5,1,3.603969465648852
Estacion4,5,2,3.6440251572327056
Estacion4,5,3,3.88412698412699
Estacion4,5,4,4.099999999999995
Estacion4,5,5,4.315513126491649
Estacion4,5,6,4.327330677290839
Estacion4,5,7,4.571014492753628
Estacion4,5,8,4.280031323414253
Estacion4,5,9,3.941279999999998
Estacion4,5,10,3.657314148681058
Estacion4,5,11,3.386672117743262
Estacion4,5,12,2.9641087130295767
Estacion4,5,13,2.8090404440919894
Estacion4,5,14,2.8452076677316303
Estacion4,5,15,2.6684129429892116
Estacion4,5,16,2.6624042879019933
Estacion4,5,17,2.6365835222978076
Estacion4,5,18,2.730618401206633
Estacion4,5,19,3.1129977460556026
Estacion4,5,20,3.2168332052267434
Estacion4,5,21,3.3891187739463637
Estacion4,5,22,3.4797683397683383
Estacion4,5,23,3.543966179861645
Estacion4,6,0,4.822731439046741
Estacion4,6,1,4.847064393939405
Estacion4,6,2,5.091690821256037
Estacion4,6,3,5.406781376518217
Estacion4,6,4,5.624926398429831
Estacion4,6,5,5.846906187624745
Estacion4,6,6,5.920821114369506
Estacion4,6,7,5.890773809523812
Estacion4,6,8,5.754545454545461
Estacion4,6,9,5.482980769230762
Estacion4,6,10,5.030950141110064
Estacion4,6,11,4.51327683615819
Estacion4,6,12,4.029075309818878
Estacion4,6,13,3.5140581068416092
Estacion4,6,14,3.354596100278549
Estacion4,6,15,3.404230423042308
Estacion4,6,16,3.522976744186048
Estacion4,6,17,3.7267921146953458
Estacion4,6,18,4.163452708907252
Estacion4,6,19,4.383572710951523
Estacion4,6,20,4.745437441204141
Estacion4,6,21,4.914424778761066
Estacion4,6,22,5.186794171220406
Estacion4,6,23,5.1474114441416825
Estacion4,7,0,5.250328407224958
Estacion4,7,1,5.130781627719585
Estacion4,7,2,5.0634768740031895
Estacion4,7,3,5.317391304347824
Estacion4,7,4,5.62064676616916
Estacion4,7,5,5.91957264957265
Estacion4,7,6,6.305355575065851
Estacion4,7,7,6.201261564339787
Estacion4,7,8,5.966612377850163
Estacion4,7,9,5.524084177708498
Estacion4,7,10,5.088470233609645
Estacion4,7,11,4.407040121120362
Estacion4,7,12,3.9836750189825305
Estacion4,7,13,3.621205007824724
Estacion4,7,14,3.6501149425287402
Estacion4,7,15,3.4207703927492448
Estacion4,7,16,3.566495976591075
Estacion4,7,17,3.7641825095057015
Estacion4,7,18,4.07642466822795
Estacion4,7,19,4.387628865979378
Estacion4,7,20,4.670222929936301
Estacion4,7,21,4.909425287356329
Estacion4,7,22,5.1424905660377345
Estacion4,7,23,5.116653258246185
Estacion4,8,0,4.307723855092281
Estacion4,8,1,4.371293161814486
Estacion4,8,2,4.537321549966009
Estacion4,8,3,4.5552413793103455
Estacion4,8,4,4.875786593707256
Estacion4,8,5,5.213064628214046
Estacion4,8,6,5.4340584636301905
Estacion4,8,7,5.438949522510248
Estacion4,8,8,5.113730569948198
Estacion4,8,9,4.835327816677275
Estacion4,8,10,4.213200257566
Estacion4,8,11,3.7733376371852834
Estacion4,8,12,3.4102681491170714
Estacion4,8,13,3.0385919165580195
Estacion4,8,14,2.9270270270270315
Estacion4,8,15,2.892063492063495
Estacion4,8,16,2.995353403141362
Estacion4,8,17,3.2540823447313323
Estacion4,8,18,3.4046435578809744
Estacion4,8,19,3.778571428571429
Estacion4,8,20,4.035422163588393
Estacion4,8,21,4.336554054054056
Estacion4,8,22,4.515959595959595
Estacion4,8,23,4.455761316872427
Estacion4,9,0,4.4194348725017205
Estacion4,9,1,4.609223300970872
Estacion4,9,2,4.584413793103453
Estacion4,9,3,4.776005645730418
Estacion4,9,4,4.95425756509501
Estacion4,9,5,5.177078651685396
Estacion4,9,6,5.394083694083694
Estacion4,9,7,5.090208783297339
Estacion4,9,8,4.959173669467789
Estacion4,9,9,4.613685636856373
Estacion4,9,10,4.048737201365191
Estacion4,9,11,3.511402902557019
Estacion4,9,12,3.2368965517241373
Estacion4,9,13,2.9084397163120586
Estacion4,9,14,2.730817610062892
Estacion4,9,15,2.7149721448468
Estacion4,9,16,2.6417317246273933
Estacion4,9,17,2.8856603773584935
Estacion4,9,18,3.019217330538085
Estacion4,9,19,3.3448106591865376
Estacion4,9,20,3.8180843459613976
Estacion4,9,21,4.159026798307474
Estacion4,9,22,4.278853046594984
Estacion4,9,23,4.316524216524217
Estacion4,10,0,2.9266980497646244
Estacion4,10,1,2.8839679358717443
Estacion4,10,2,3.057123565158677
Estacion4,10,3,3.32613390928726
Estacion4,10,4,3.4476557032890134
Estacion4,10,5,3.512561060711797
Estacion4,10,6,3.5630069930069994
Estacion4,10,7,3.440331491712707
Estacion4,10,8,3.249415807560139
Estacion4,10,9,3.064841688654358
Estacion4,10,10,2.968403015764216
Estacion4,10,11,2.8483479433580565
Estacion4,10,12,2.7012552301255215
Estacion4,10,13,2.5171208944793877
Estacion4,10,14,2.449209770114947
Estacion4,10,15,2.3778231292516967
Estacion4,10,16,2.294893617021276
Estacion4,10,17,2.2086013986013975
Estacion4,10,18,2.237457741717377
Estacion4,10,19,2.4681486880466466
Estacion4,10,20,2.7052480230050366
Estacion4,10,21,2.8636023916293
Estacion4,10,22,2.9260235947258852
Estacion4,10,23,2.9840972222222244
Estacion4,11,0,3.0040983606557354
Estacion4,11,1,2.8587257617728574
Estacion4,11,2,2.92459239130435
Estacion4,11,3,3.0253155680224424
Estacion4,11,4,3.1180430256766156
Estacion4,11,5,3.189342560553637
Estacion4,11,6,3.538747419132833
Estacion4,11,7,3.517826086956524
Estacion4,11,8,3.2324621733149974
Estacion4,11,9,2.964809782608695
Estacion4,11,10,3.0192307692307687
Estacion4,11,11,2.7985116938341585
Estacion4,11,12,2.630413105413105
Estacion4,11,13,2.5521679284239505
Estacion4,11,14,2.3507526881720455
Estacion4,11,15,2.3524347212420618
Estacion4,11,16,2.189887640449439
Estacion4,11,17,2.1039094650205747
Estacion4,11,18,2.0841850828729243
Estacion4,11,19,2.3189948263118962
Estacion4,11,20,2.457963246554363
Estacion4,11,21,2.9488272921108774
Estacion4,11,22,2.8808283233132967
Estacion4,11,23,2.797961956521738
Estacion4,12,0,3.8241610738254996
Estacion4,12,1,3.7447417548226483
Estacion4,12,2,3.8916201117318496
Estacion4,12,3,3.99193245778612
Estacion4,12,4,4.33863636363637
Estacion4,12,5,4.654695431472085
Estacion4,12,6,4.639606396063962
Estacion4,12,7,4.75896168108777
Estacion4,12,8,4.5770388958594745
Estacion4,12,9,4.2094247246022025
Estacion4,12,10,3.695555555555559
Estacion4,12,11,3.484821986258592
Estacion4,12,12,3.1870662460567805
Estacion4,12,13,3.1169799498746844
Estacion4,12,14,3.01582069874753
Estacion4,12,15,2.847705235940533
Estacion4,12,16,2.7080686149936524
Estacion4,12,17,2.555917345021914
Estacion4,12,18,2.648061538461537
Estacion4,12,19,3.0254533678756523
Estacion4,12,20,3.340891719745226
Estacion4,12,21,3.723126614987081
Estacion4,12,22,3.62677070828331
Estacion4,12,23,3.800123304562267
